playerid,xdelta,ydelta,illegal
12,-74,-37,0
3,68,110,1
2,38,-107,1
13,-105,9,1
6,-88,-46,0
15,-15,66,0
11,-99,-28,0
19,19,-104,1
13,-36,79,0
5,10,120,1
6,30,4,0
13,-68,-2,0
7,17,31,0
13,23,35,0
8,66,101,1
8,-14,-88,0
5,-24,-44,0
9,34,-41,0
2,43,90,0
6,101,-4,1
4,-101,-96,1
11,108,-52,1
15,90,-99,0
12,16,-39,0
10,-8,-68,0
3,-27,99,0
3,-10,81,0
15,5,-90,0
4,-22,33,0
19,21,7,0
0,-50,-51,0
12,-19,-57,0
10,-103,-105,1
9,-47,-94,0
13,-80,102,1
14,38,-1,0
6,68,38,0
18,-92,69,0
19,41,108,1
14,-84,97,0
1,25,110,1
7,-55,73,0
0,-49,-44,0
6,55,-28,0
8,-20,-11,0
5,-1,-61,0
4,19,-10,0
16,-83,27,0
8,-88,-15,0
15,-86,-107,1
11,91,-33,0
19,7,18,0
18,56,49,0
4,55,-50,0
7,-74,103,1
16,114,-57,1
9,33,-93,0
3,75,105,1
0,8,-45,0
8,47,77,0
10,-72,-59,0
5,34,-45,0
16,12,3,0
20,82,-7,0
12,4,-55,0
19,-78,60,0
7,-99,-109,1
5,63,51,0
8,-11,-63,0
20,50,75,0
12,-60,-24,0
0,-105,-61,1
15,95,67,0
7,-77,-42,0
11,43,51,0
3,19,90,0
17,97,26,0
12,114,-102,1
6,-60,-23,0
8,-77,-88,0
14,-58,-27,0
7,100,-68,0
7,-1,-88,0
6,71,-69,0
13,-87,-9,0
3,-72,48,0
5,-19,-69,0
15,75,-73,0
14,-67,-6,0
6,5,36,0
7,5,-99,0
13,-30,-20,0
12,-6,-79,0
3,86,28,0
15,98,-44,0
17,83,-31,0
3,97,38,0
5,-12,-78,0
0,-95,-67,0
8,-63,0,0
8,-98,9,0
16,-33,36,0
11,33,-56,0
10,120,-39,1
11,22,82,0
19,6,108,1
14,-24,-87,0
3,-2,104,1
20,6,109,1
7,-68,-95,0
9,43,22,0
20,-14,-98,0
20,34,-37,0
14,31,26,0
12,-38,-109,1
8,90,19,0
1,-100,118,1
6,-46,51,0
10,17,88,0
20,103,103,1
15,79,33,0
18,77,-28,0
9,112,75,1
8,-57,-78,0
10,-26,11,0
17,-50,-48,0
6,23,19,0
10,-77,54,0
5,-90,60,0
7,67,47,0
0,-69,107,1
1,-71,-63,0
2,-19,-56,0
13,119,45,1
12,-110,19,1
12,31,-47,0
5,110,-22,1
16,-64,116,1
18,65,-91,0
1,111,33,1
7,-5,99,0
20,-18,-28,0
9,56,32,0
18,-58,69,0
3,-11,-87,0
9,91,-21,0
12,-14,-53,0
18,16,-29,0
14,7,8,0
17,42,-10,0
10,-34,70,0
19,-36,99,0
20,103,-45,1
5,111,-58,1
4,-99,75,0
0,55,69,0
18,70,53,0
20,109,111,1
4,40,-37,0
14,84,12,0
4,66,39,0
17,-65,42,0
17,-5,58,0
10,35,74,0
13,-48,58,0
18,-40,-17,0
9,-100,89,0
20,-76,-43,0
7,-91,95,0
6,-24,-29,0
19,48,99,0
4,-105,63,1
11,-34,-92,0
4,-87,73,0
17,116,56,1
14,20,96,0
9,-16,3,0
0,119,-58,1
14,9,33,0
20,-88,-18,0
10,-21,-107,1
10,30,100,0
19,54,-26,0
10,50,-63,0
3,10,93,0
9,64,33,0
7,17,-44,0
9,15,-91,0
14,-82,-14,0
2,45,4,0
6,-40,20,0
6,-26,44,0
18,-63,71,0
0,71,101,1
13,-45,82,0
9,-17,32,0
13,-96,6,0
8,8,-84,0
11,-73,101,1
2,88,78,0
20,39,-108,1
16,88,37,0
8,9,-39,0
18,15,-17,0
20,-95,34,0
12,-12,-74,0
3,-87,-17,0
12,-27,34,0
19,-27,18,0
0,-99,-75,0
20,-23,22,0
20,-35,52,0
15,116,89,1
19,-106,-33,1
19,-65,27,0
16,54,-49,0
19,-82,-15,0
13,107,-95,1
13,-6,-71,0
8,92,64,0
3,10,112,1
3,-16,-34,0
12,-23,-27,0
9,67,88,0
15,77,-21,0
15,-31,-11,0
3,-90,62,0
9,15,90,0
9,53,105,1
9,89,95,0
18,-84,-39,0
17,-80,-15,0
6,-70,85,0
20,80,61,0
5,111,-10,1
0,32,-101,1
18,-2,-56,0
4,36,71,0
3,-39,32,0
20,100,-48,0
16,28,116,1
7,71,101,1
3,-41,-13,0
14,62,90,0
4,105,21,1
2,7,-105,1
18,41,45,0
18,9,-29,0
1,99,11,0
16,19,120,1
12,15,50,0
1,-42,-89,0
18,-76,100,0
10,117,44,1
7,-72,-76,0
5,20,56,0
8,18,42,0
17,-108,112,1
0,116,-45,1
8,-35,100,0
0,14,-21,0
16,-57,-51,0
17,59,24,0
7,0,-23,0
17,2,-102,1
20,2,90,0
7,98,-92,0
7,-29,62,0
15,37,-87,0
2,68,-55,0
18,-95,-101,1
1,-98,-100,0
6,69,91,0
15,95,-79,0
14,63,-86,0
1,20,-11,0
9,1,10,0
15,-100,-37,0
8,-92,-7,0
0,-20,11,0
14,1,-20,0
6,61,-77,0
9,-17,-23,0
19,61,7,0
13,86,33,0
9,82,53,0
18,21,-74,0
4,25,115,1
18,76,92,0
17,-97,17,0
12,41,2,0
5,-68,-82,0
16,-12,109,1
13,57,-71,0
5,-104,86,1
10,-89,78,0
17,-91,86,0
18,52,76,0
0,97,-37,0
19,-17,54,0
16,59,89,0
14,36,76,0
17,-17,75,0
1,96,-13,0
9,62,60,0
19,28,24,0
8,-96,-100,0
5,-28,-38,0
17,34,116,1
3,107,-51,1
6,114,-22,1
2,90,-63,0
16,49,-90,0
2,47,52,0
1,93,76,0
3,-41,-91,0
3,-57,-110,1
20,63,63,0
11,117,-66,1
8,96,-77,0
20,-74,-49,0
1,9,34,0
9,4,35,0
14,94,47,0
11,112,100,1
13,75,-39,0
19,3,-110,1
14,100,24,0
5,-35,10,0
17,18,63,0
13,-81,27,0
9,83,88,0
0,-96,114,1
1,56,44,0
17,102,92,1
18,-8,-108,1
18,-78,70,0
13,-98,-110,1
10,-12,102,1
1,-73,-90,0
2,-59,43,0
19,-30,-23,0
17,53,87,0
13,37,-17,0
19,-19,7,0
17,-106,-97,1
10,2,-52,0
12,27,-13,0
11,75,118,1
7,101,-102,1
20,116,1,1
6,35,3,0
16,-48,-52,0
1,-22,-62,0
14,36,-32,0
19,-11,103,1
15,72,-97,0
9,-110,22,1
11,-68,34,0
9,-102,-81,1
8,77,117,1
7,50,99,0
14,69,-67,0
15,84,50,0
9,90,-99,0
13,-82,-85,0
8,-64,42,0
8,98,6,0
15,110,-57,1
2,86,63,0
7,-18,-78,0
4,-24,116,1
5,80,6,0
13,80,114,1
13,48,-22,0
7,91,47,0
4,-18,44,0
4,-33,8,0
2,-66,105,1
6,3,-53,0
10,11,-56,0
10,-74,52,0
17,-71,13,0
0,70,53,0
1,72,85,0
10,-96,-27,0
6,92,-3,0
7,-8,-79,0
10,62,114,1
14,32,109,1
16,-33,-7,0
9,113,93,1
1,101,102,1
4,-11,91,0
4,-46,41,0
18,114,27,1
16,-48,61,0
9,-43,-45,0
18,-7,1,0
6,-80,-66,0
20,24,36,0
8,53,-69,0
3,-62,84,0
14,-75,-40,0
9,-85,-62,0
2,41,-95,0
11,-71,99,0
17,-88,49,0
17,17,75,0
12,107,-83,1
0,-6,60,0
3,21,-26,0
12,-101,54,1
18,19,56,0
20,40,-22,0
10,-57,-18,0
0,-74,-52,0
11,-37,-59,0
2,84,76,0
11,38,65,0
16,14,112,1
18,113,97,1
9,99,-97,0
8,1,-69,0
4,11,-66,0
15,58,-110,1
0,110,39,1
7,-17,-69,0
14,93,43,0
11,-71,-83,0
13,-26,-60,0
19,90,50,0
7,50,109,1
10,-101,0,1
18,19,103,1
13,-66,32,0
11,21,-44,0
16,-32,-100,0
20,-23,37,0
0,8,45,0
10,95,-89,0
4,-7,14,0
8,96,-109,1
6,117,96,1
12,51,-48,0
1,-25,43,0
13,40,28,0
0,-52,-67,0
17,46,-106,1
1,-36,86,0
18,101,72,1
12,112,-88,1
3,13,-80,0
4,-93,91,0
9,-57,26,0
0,42,73,0
19,-85,-15,0
6,-61,-20,0
8,-41,-18,0
7,13,104,1
19,61,-72,0
15,68,5,0
9,-101,52,1
19,35,27,0
6,-15,-68,0
12,64,-80,0
16,105,-33,1
2,-41,-107,1
0,-65,109,1
9,-25,-43,0
8,-98,48,0
12,100,110,1
7,106,33,1
16,-33,51,0
2,103,-109,1
2,53,21,0
18,52,111,1
19,42,58,0
12,105,-105,1
5,-50,88,0
14,-28,66,0
2,106,-19,1
15,102,-92,1
9,28,-60,0
12,-53,7,0
14,30,2,0
6,7,13,0
8,-64,117,1
1,8,108,1
11,-36,27,0
20,32,-102,1
5,-63,-101,1
19,-102,-76,1
16,107,61,1
4,-20,-109,1
14,76,-30,0
6,61,53,0
17,-70,86,0
10,39,21,0
9,-84,10,0
0,21,-96,0
1,48,-87,0
13,-36,-22,0
16,-56,-65,0
0,41,-27,0
14,62,16,0
17,90,105,1
5,-27,105,1
0,-88,66,0
12,-6,-19,0
17,-85,-95,0
11,57,30,0
15,2,94,0
7,72,23,0
0,-90,0,0
7,-104,66,1
18,-57,92,0
4,-13,112,1
8,23,40,0
13,40,-100,0
19,3,58,0
12,-19,68,0
18,88,-72,0
2,74,-70,0
0,-101,82,1
10,-6,48,0
7,81,43,0
0,30,24,0
7,-13,99,0
10,-92,-82,0
6,-56,61,0
8,83,-81,0
3,14,107,1
6,10,-53,0
6,62,-41,0
2,-60,-31,0
6,-74,-24,0
16,-32,-100,0
8,73,41,0
0,100,89,0
2,-98,62,0
14,-58,20,0
19,-73,-98,0
1,-108,-36,1
15,-65,-15,0
11,-65,73,0
10,-33,94,0
0,11,-78,0
1,79,40,0
2,106,-22,1
18,-7,-20,0
6,74,62,0
2,49,-7,0
17,24,9,0
9,54,117,1
15,-75,74,0
20,-34,-82,0
10,109,98,1
6,84,-8,0
11,-16,96,0
0,80,38,0
8,12,85,0
1,57,97,0
20,-64,-96,0
0,105,15,1
5,-80,43,0
9,-1,-10,0
8,82,-41,0
10,-87,55,0
5,-3,68,0
9,-59,-51,0
4,102,-105,1
6,-1,-35,0
13,-42,106,1
2,-7,-100,0
1,27,-48,0
8,-85,26,0
20,-47,-66,0
17,40,19,0
14,82,117,1
16,-39,47,0
1,-110,16,1
5,-110,5,1
2,-48,-72,0
18,97,15,0
0,68,-14,0
19,-42,-63,0
11,-94,-13,0
0,-87,-46,0
8,41,118,1
7,28,92,0
11,12,22,0
6,-86,28,0
18,80,105,1
9,-65,90,0
1,62,-67,0
6,109,58,1
20,95,90,0
14,74,-7,0
17,111,-27,1
11,85,-82,0
18,58,25,0
3,104,14,1
6,6,78,0
9,17,-25,0
1,115,-27,1
15,-87,-35,0
12,4,-100,0
7,45,-91,0
19,15,-10,0
2,52,-12,0
8,95,-25,0
6,-82,-93,0
2,31,-91,0
0,-103,-57,1
13,84,57,0
20,40,-66,0
1,-14,83,0
18,-76,92,0
12,-85,-2,0
18,113,114,1
4,-63,102,1
14,-91,120,1
19,93,10,0
1,23,111,1
5,19,-67,0
7,73,-9,0
18,-97,-46,0
0,92,-16,0
10,114,57,1
6,-101,-87,1
0,73,25,0
1,-34,36,0
12,-36,-59,0
7,-85,32,0
7,83,38,0
11,102,-25,1
11,-45,-55,0
1,76,52,0
6,-100,50,0
2,70,-44,0
11,-56,-103,1
14,-6,78,0
17,-20,-24,0
7,26,76,0
8,-49,-55,0
12,53,-46,0
11,70,-79,0
15,93,53,0
1,97,-99,0
11,107,-41,1
14,35,-76,0
7,44,111,1
20,90,18,0
10,29,-64,0
11,115,109,1
3,-82,-65,0
17,-84,46,0
20,70,-3,0
2,61,68,0
16,-103,43,1
10,75,-44,0
11,-91,47,0
5,-110,101,1
12,8,55,0
18,-66,-107,1
1,10,-50,0
14,92,58,0
19,102,-62,1
19,-55,37,0
14,-58,17,0
2,-106,-60,1
20,-32,49,0
11,-28,25,0
3,102,-87,1
0,78,-6,0
7,5,-65,0
4,-70,-91,0
6,20,80,0
16,118,54,1
9,84,102,1
2,-4,-58,0
17,-15,98,0
15,-78,-3,0
12,-19,-30,0
15,-78,-84,0
9,-54,-25,0
12,42,99,0
15,-67,67,0
3,50,-10,0
8,-89,-69,0
1,115,11,1
3,19,-84,0
15,103,-24,1
17,77,108,1
11,14,-35,0
13,-64,21,0
19,-2,-101,1
19,-56,45,0
17,114,-26,1
14,120,59,1
1,86,54,0
15,-55,54,0
2,-86,-36,0
13,-45,81,0
10,-98,54,0
16,6,-65,0
3,-44,-61,0
3,-87,-19,0
7,-35,96,0
13,78,18,0
2,54,78,0
8,-43,108,1
7,118,119,1
8,75,32,0
7,-105,-8,1
4,96,-50,0
20,78,56,0
5,85,67,0
14,-64,-105,1
0,-110,37,1
19,107,-25,1
2,-27,111,1
5,74,36,0
20,-36,88,0
17,-36,97,0
11,51,-14,0
18,100,17,0
9,57,76,0
7,-89,116,1
7,97,-11,0
3,95,111,1
5,105,68,1
4,-35,43,0
5,-43,-9,0
8,-102,12,1
10,70,-88,0
19,10,85,0
19,-106,-34,1
12,101,-3,1
3,32,-63,0
16,8,48,0
15,67,105,1
7,80,69,0
12,66,-89,0
13,-93,-78,0
2,-18,-31,0
11,57,-64,0
4,91,64,0
2,-46,30,0
17,20,-15,0
2,8,-33,0
12,-94,52,0
14,-20,-30,0
10,66,0,0
9,-33,-95,0
17,-24,-1,0
17,-77,-61,0
5,-62,1,0
12,-31,0,0
15,-81,31,0
16,25,2,0
0,-6,-89,0
10,-26,-26,0
14,8,27,0
17,53,67,0
13,109,40,1
0,-46,61,0
16,106,66,1
20,-40,95,0
12,55,-59,0
12,-66,95,0
2,107,-19,1
13,113,13,1
16,86,69,0
16,-8,117,1
12,59,-24,0
0,76,-26,0
8,1,-110,1
7,115,-69,1
6,-49,106,1
3,85,-37,0
14,42,17,0
1,-11,59,0
1,68,73,0
0,-42,-53,0
2,-99,-51,0
0,69,49,0
19,-7,-1,0
18,-11,-19,0
13,-77,43,0
15,-89,-45,0
7,-66,-106,1
19,0,57,0
8,26,31,0
12,-98,-41,0
5,77,-52,0
0,101,-106,1
16,-64,-55,0
18,-22,89,0
3,103,-16,1
3,-19,-31,0
8,86,29,0
14,-88,87,0
18,9,106,1
18,-45,103,1
7,73,62,0
9,104,-27,1
16,87,46,0
1,-90,14,0
15,21,-86,0
10,-25,-104,1
13,-45,-90,0
6,68,40,0
16,35,-101,1
11,62,-92,0
10,85,-68,0
4,-29,69,0
3,24,43,0
20,11,-102,1
0,-2,-16,0
7,-80,62,0
13,-38,103,1
2,1,55,0
1,-85,42,0
12,-45,-5,0
6,-6,94,0
10,-48,20,0
4,-58,-5,0
12,-32,-75,0
2,60,-96,0
20,-37,-71,0
3,95,-72,0
14,-29,31,0
13,49,-101,1
7,-100,-72,0
7,65,120,1
8,64,-81,0
9,-11,54,0
3,-91,-105,1
16,24,-27,0
5,-61,-59,0
19,-1,62,0
11,-95,95,0
19,102,-21,1
13,-39,-95,0
6,-31,98,0
3,70,70,0
2,63,-107,1
8,-110,-48,1
12,35,-13,0
9,-58,78,0
9,80,-26,0
16,21,110,1
0,-103,94,1
12,21,9,0
14,-92,-13,0
12,-23,61,0
3,-27,-110,1
6,-66,85,0
13,48,1,0
8,48,-94,0
20,26,-22,0
14,-108,-95,1
0,89,-98,0
15,109,-13,1
19,74,-3,0
10,2,-39,0
19,-53,-94,0
11,-30,-73,0
15,-9,40,0
6,-20,54,0
17,-106,-55,1
6,-16,3,0
19,71,-3,0
15,-40,-27,0
19,56,-35,0
10,56,-35,0
14,-2,-7,0
7,92,67,0
15,-79,50,0
9,-20,112,1
1,29,-79,0
18,20,45,0
6,35,48,0
18,-45,113,1
2,47,-6,0
19,-93,96,0
8,95,-49,0
11,-57,-11,0
11,-33,46,0
10,55,-33,0
17,40,93,0
7,-40,-93,0
13,3,37,0
16,-107,70,1
20,51,-84,0
19,-95,103,1
8,69,3,0
15,43,111,1
8,75,-1,0
0,114,-41,1
8,97,-110,1
18,-97,20,0
5,-52,-82,0
14,-100,98,0
11,-42,101,1
17,42,69,0
11,-21,29,0
14,33,-22,0
16,-2,37,0
3,-90,18,0
15,-19,-75,0
13,16,53,0
19,-36,-94,0
17,102,65,1
19,55,20,0
20,67,90,0
11,76,-54,0
11,-3,-1,0
8,-50,38,0
9,-59,-32,0
18,44,-37,0
19,40,55,0
10,-79,-110,1
2,89,-93,0
5,74,57,0
15,76,109,1
12,25,-61,0
18,58,90,0
10,-19,66,0
11,66,29,0
2,41,22,0
6,96,100,0
17,54,4,0
7,46,-61,0
1,-77,-94,0
13,92,-86,0
13,-45,4,0
19,-1,15,0
2,93,108,1
6,-96,115,1
10,21,14,0
1,-94,-2,0
5,48,1,0
11,-105,-36,1
13,22,-89,0
20,-18,-47,0
18,54,102,1
5,13,-105,1
8,114,69,1
10,70,22,0
6,-43,52,0
15,40,-22,0
14,77,-14,0
0,89,-1,0
6,43,-87,0
14,18,96,0
15,-13,46,0
5,40,-80,0
15,117,-110,1
14,97,115,1
5,-17,-91,0
7,-39,-84,0
6,-28,10,0
3,-24,114,1
0,75,115,1
4,-87,-49,0
7,-77,75,0
15,42,106,1
11,85,118,1
16,-7,41,0
14,2,88,0
19,-60,-6,0
19,34,91,0
6,18,-85,0
0,-2,-8,0
5,94,64,0
19,-58,53,0
14,-8,6,0
17,42,50,0
20,-40,-65,0
18,-6,-66,0
13,-74,-86,0
3,44,-19,0
15,98,0,0
9,99,-57,0
15,-55,4,0
1,-64,-63,0
1,85,-101,1
2,10,58,0
20,75,5,0
16,-77,-65,0
10,-54,-28,0
16,110,-50,1
1,40,-77,0
4,-103,89,1
13,-24,78,0
18,31,9,0
14,50,36,0
0,-82,112,1
6,-75,-9,0
4,24,67,0
13,-56,-68,0
2,33,78,0
18,-70,99,0
13,-100,115,1
19,13,-65,0
0,51,-85,0
19,-38,60,0
14,-2,47,0
10,91,-67,0
4,-74,-63,0
10,-55,-3,0
20,14,51,0
12,-93,-47,0
5,68,-26,0
13,118,5,1
10,72,-93,0
18,-99,-14,0
20,52,-78,0
20,77,-18,0
18,-21,-58,0
1,-81,-75,0
0,-86,-106,1
11,-83,-73,0
6,70,-67,0
6,69,-75,0
8,73,2,0
10,109,21,1
19,-51,-108,1
19,-26,81,0
20,-15,113,1
3,5,45,0
12,56,8,0
0,-93,-9,0
6,-59,86,0
20,50,-82,0
7,-87,85,0
10,-64,3,0
10,-94,-57,0
4,-66,-73,0
16,11,113,1
18,110,-53,1
10,5,36,0
6,6,33,0
12,-41,-100,0
6,-14,-106,1
1,-48,12,0
9,-52,-67,0
19,-13,31,0
20,110,65,1
20,-70,-7,0
13,4,-69,0
18,101,-73,1
10,8,104,1
2,-54,-92,0
2,103,58,1
3,-72,-85,0
9,-45,115,1
13,43,-96,0
6,-59,-100,0
12,42,-73,0
3,77,91,0
9,-62,57,0
13,-1,-27,0
13,64,1,0
11,54,-1,0
13,-41,112,1
10,-103,-15,1
2,-28,68,0
17,-102,73,1
17,86,-98,0
11,-85,50,0
2,-55,69,0
10,-46,79,0
2,50,-32,0
1,69,-98,0
11,47,-21,0
16,7,-82,0
12,-74,-18,0
11,18,3,0
17,99,-106,1
12,113,-94,1
1,-70,68,0
19,-90,68,0
15,-108,24,1
17,-101,88,1
11,83,-97,0
4,38,-19,0
9,86,-97,0
17,20,26,0
10,74,-56,0
4,85,-11,0
10,71,72,0
6,60,-2,0
9,3,72,0
6,-3,-96,0
19,-98,-97,0
13,-62,47,0
10,-32,22,0
3,15,-43,0
11,18,95,0
9,-2,-62,0
7,40,-48,0
14,103,47,1
10,76,22,0
10,-64,44,0
16,-30,-26,0
15,22,-69,0
14,6,116,1
15,-32,39,0
8,19,25,0
18,-54,-13,0
8,23,-47,0
19,75,-105,1
9,2,97,0
15,-71,71,0
4,-12,97,0
9,76,-89,0
10,40,-63,0
14,-108,-25,1
20,23,-101,1
16,-103,67,1
14,-86,14,0
5,87,-27,0
15,42,47,0
5,-17,3,0
16,-100,56,0
20,4,-39,0
7,2,35,0
2,-104,-11,1
3,3,-47,0
16,-45,25,0
13,107,-15,1
2,8,11,0
13,107,-70,1
6,-68,0,0
10,-99,-14,0
10,-69,-65,0
20,-60,-15,0
19,82,93,0
20,37,-108,1
1,-45,65,0
17,118,70,1
6,48,61,0
12,-33,-65,0
17,82,63,0
5,-89,42,0
8,32,47,0
8,80,-107,1
19,114,96,1
7,119,-44,1
7,106,66,1
1,-109,-51,1
14,68,-49,0
16,110,-26,1
0,53,-63,0
4,-88,-36,0
17,100,-64,0
9,28,-25,0
18,-32,-44,0
7,72,85,0
18,4,-34,0
8,120,-102,1
3,90,-99,0
4,80,37,0
9,17,-5,0
10,-2,78,0
8,109,-34,1
17,98,32,0
1,103,-108,1
11,80,-23,0
2,5,90,0
8,97,-5,0
7,-55,102,1
11,22,-75,0
19,-32,-99,0
2,-58,-97,0
9,-78,-63,0
8,118,56,1
14,-69,119,1
12,-51,106,1
5,11,97,0
5,-52,-48,0
1,-17,-43,0
20,65,-68,0
8,-36,116,1
13,98,-7,0
4,-103,111,1
12,110,104,1
13,-81,-107,1
15,-58,53,0
17,91,-9,0
7,-25,-65,0
2,53,76,0
18,-5,46,0
2,-105,-107,1
8,38,32,0
14,0,-79,0
0,-42,7,0
17,4,84,0
10,-106,43,1
18,-62,7,0
16,-92,-97,0
19,-15,113,1
16,51,89,0
1,23,16,0
9,-25,11,0
8,-52,-63,0
2,48,-64,0
19,105,-27,1
19,65,-57,0
3,51,65,0
13,106,105,1
9,31,16,0
6,89,-35,0
1,37,43,0
10,-56,107,1
20,84,-43,0
18,-1,-3,0
8,46,96,0
15,-18,-5,0
12,89,-85,0
10,-63,-67,0
0,33,17,0
10,-44,-74,0
14,70,-17,0
7,-37,-72,0
14,46,75,0
1,-79,-98,0
14,-29,70,0
11,6,-27,0
15,-43,67,0
6,-2,-81,0
0,80,-54,0
4,3,-26,0
17,48,-87,0
4,60,-19,0
17,69,-63,0
7,-1,33,0
4,91,59,0
10,58,-94,0
9,-52,34,0
17,58,-72,0
18,30,102,1
9,-70,-39,0
3,97,-95,0
3,-52,-38,0
10,100,31,0
20,15,36,0
20,111,77,1
4,63,10,0
14,98,120,1
8,46,-53,0
14,-91,-91,0
2,-22,57,0
14,-8,-102,1
7,81,-25,0
17,-91,-52,0
8,-101,-44,1
2,8,72,0
2,113,-67,1
6,-40,21,0
17,3,51,0
6,-44,-57,0
18,83,106,1
18,-7,36,0
4,-54,52,0
17,111,10,1
18,55,117,1
6,22,-25,0
8,-94,96,0
2,34,-3,0
20,-62,106,1
7,-71,-6,0
7,-53,-1,0
9,-83,-40,0
10,-50,-3,0
12,-76,-3,0
17,-43,-22,0
1,-57,-56,0
13,-12,-43,0
16,76,84,0
19,-36,54,0
18,-4,-38,0
20,91,-76,0
1,13,14,0
11,-7,6,0
15,-13,-3,0
10,103,57,1
17,113,-63,1
8,56,-68,0
18,29,28,0
14,102,63,1
3,-87,-79,0
0,-65,82,0
18,-19,-110,1
8,78,39,0
13,-89,-44,0
14,81,12,0
6,-27,-67,0
14,-99,-110,1
2,-83,51,0
18,-96,37,0
3,81,22,0
16,38,77,0
19,40,-81,0
7,-18,105,1
16,84,99,0
16,30,9,0
13,-107,55,1
16,29,-24,0
15,49,-24,0
10,71,-46,0
12,95,-74,0
14,38,-110,1
14,-19,-19,0
0,-14,-7,0
14,-100,-30,0
17,69,-95,0
5,-61,-91,0
10,90,-108,1
6,-51,22,0
13,25,-57,0
11,80,-25,0
16,106,38,1
5,97,-84,0
7,59,-39,0
12,-85,47,0
16,37,57,0
11,8,-56,0
19,59,36,0
15,48,22,0
20,111,7,1
8,-14,27,0
1,2,-19,0
4,-73,-95,0
4,93,89,0
15,-92,48,0
6,34,28,0
15,-14,90,0
6,-90,-102,1
9,33,-49,0
11,-105,-64,1
13,-44,103,1
6,-95,-90,0
10,52,-107,1
6,-39,-43,0
15,30,-19,0
9,76,-71,0
8,39,110,1
14,20,85,0
12,-50,116,1
15,16,-94,0
19,-52,-8,0
16,65,41,0
20,94,-64,0
5,118,82,1
14,-63,60,0
11,85,8,0
0,23,82,0
7,106,-72,1
3,70,-12,0
10,110,59,1
1,50,-29,0
15,-11,93,0
16,19,-104,1
15,119,101,1
1,59,-60,0
11,97,-29,0
4,11,17,0
1,75,78,0
20,-28,-27,0
20,-1,25,0
10,-10,-13,0
15,-8,114,1
14,-92,18,0
2,5,-33,0
12,35,37,0
15,-29,78,0
3,97,-78,0
1,-89,-5,0
12,-42,68,0
18,-108,-74,1
8,-29,-53,0
6,81,-47,0
0,59,-54,0
13,-23,93,0
11,-98,69,0
9,25,-84,0
7,-83,-29,0
4,98,91,0
17,-5,-33,0
7,59,78,0
17,-57,-101,1
5,-79,115,1
4,-13,-24,0
6,50,-100,0
1,-65,-51,0
19,-96,-69,0
4,34,-60,0
10,43,-42,0
7,86,-62,0
2,-97,51,0
12,-96,99,0
5,-47,110,1
10,-104,71,1
2,37,73,0
9,-100,-61,0
15,-109,18,1
14,26,-64,0
11,43,54,0
6,-25,47,0
12,-22,-28,0
5,-14,108,1
2,63,-88,0
0,85,-100,0
19,84,33,0
20,-80,-6,0
19,-95,66,0
2,-87,-105,1
17,-67,-110,1
8,-72,-64,0
18,108,85,1
11,5,-78,0
12,33,25,0
2,74,35,0
3,76,68,0
9,-58,-83,0
14,-32,119,1
16,54,-102,1
15,-71,-51,0
11,-34,110,1
0,-44,-24,0
8,-11,-104,1
8,-58,-54,0
4,9,80,0
16,45,32,0
5,-99,-105,1
20,-99,46,0
18,113,-34,1
16,105,-94,1
10,10,48,0
12,-102,16,1
1,92,-52,0
11,0,-6,0
11,-16,-54,0
18,16,-2,0
5,106,41,1
9,93,56,0
19,-74,90,0
13,-79,43,0
6,27,-91,0
19,103,116,1
13,45,82,0
3,-90,-60,0
18,-38,28,0
4,-84,-57,0
8,18,-89,0
6,14,4,0
14,39,-83,0
13,35,-37,0
1,-60,57,0
7,-23,115,1
13,60,-68,0
18,-84,-5,0
12,119,-30,1
15,83,-93,0
14,-10,29,0
1,98,-97,0
14,66,-34,0
18,-23,-64,0
7,-44,46,0
20,66,1,0
1,47,96,0
8,-108,-73,1
11,-62,-110,1
18,105,-107,1
1,-36,42,0
2,89,111,1
1,-94,100,0
16,93,59,0
13,-43,-55,0
13,-25,105,1
16,52,39,0
15,16,5,0
9,-60,75,0
5,78,4,0
12,-12,39,0
8,67,100,0
1,53,-81,0
20,-25,64,0
14,-48,100,0
2,6,105,1
18,29,2,0
0,18,-78,0
7,-10,-74,0
5,112,33,1
8,32,-51,0
2,37,78,0
11,70,91,0
4,38,-29,0
8,20,24,0
16,26,79,0
10,-83,5,0
20,21,60,0
16,-98,109,1
9,2,20,0
14,-30,-12,0
20,15,68,0
11,-88,88,0
12,-39,-74,0
10,-85,-61,0
16,-68,-99,0
10,-57,104,1
8,101,-93,1
18,-74,-47,0
12,-60,-13,0
14,-11,80,0
12,40,106,1
0,-89,79,0
19,48,115,1
15,87,114,1
10,31,-9,0
1,20,85,0
17,-104,64,1
11,28,-46,0
2,-51,11,0
0,-16,40,0
16,-74,-54,0
8,-53,1,0
0,-106,62,1
15,27,60,0
0,-9,63,0
15,-79,96,0
5,22,-79,0
15,19,-89,0
3,113,-6,1
20,-36,35,0
0,110,113,1
5,-66,47,0
7,13,101,1
0,-49,-61,0
9,-51,72,0
2,59,66,0
13,-60,-94,0
3,40,-92,0
7,-99,0,0
15,18,-20,0
6,67,-41,0
17,-91,22,0
12,88,41,0
6,56,-70,0
6,-67,8,0
14,-97,-90,0
8,12,-101,1
1,108,55,1
18,2,-63,0
7,-52,-10,0
17,-79,-106,1
20,118,-76,1
3,-62,-62,0
5,48,-6,0
11,-47,5,0
9,29,-99,0
9,72,103,1
1,-52,-49,0
16,48,2,0
7,-110,104,1
3,29,-40,0
13,73,-14,0
8,77,99,0
6,28,-92,0
6,11,-59,0
13,-37,56,0
0,-35,86,0
10,-90,100,0
1,-22,48,0
3,-18,112,1
0,-4,16,0
8,-40,-73,0
3,-83,8,0
16,51,-21,0
4,-102,-81,1
16,-66,3,0
11,-67,-93,0
20,93,115,1
9,69,-47,0
14,-48,-58,0
20,-103,96,1
15,-38,3,0
16,2,-34,0
20,28,9,0
20,3,-23,0
7,-25,72,0
14,-27,-35,0
19,35,-26,0
10,-8,104,1
1,47,45,0
9,-19,111,1
13,19,-40,0
19,-59,19,0
3,9,-49,0
14,94,95,0
5,-32,-61,0
11,83,21,0
7,31,-78,0
20,103,104,1
3,102,79,1
11,36,55,0
7,-108,1,1
2,21,50,0
12,-15,-28,0
5,48,-52,0
12,53,-108,1
6,-11,90,0
6,101,34,1
4,55,-60,0
18,105,18,1
8,-11,61,0
19,47,-69,0
4,30,50,0
8,19,-75,0
19,-95,-34,0
6,-67,33,0
8,-91,-61,0
11,40,-49,0
4,24,-13,0
15,-75,103,1
13,-83,80,0
15,-48,-6,0
14,-38,15,0
13,81,-37,0
9,101,-70,1
5,9,-31,0
0,76,-33,0
9,-74,111,1
15,-48,55,0
5,95,42,0
15,48,-89,0
20,-64,9,0
13,49,14,0
6,117,-15,1
18,-15,-69,0
2,16,119,1
10,94,-37,0
14,-34,16,0
18,-90,-97,0
5,50,71,0
13,-32,44,0
19,-66,-106,1
0,-43,94,0
14,-18,-92,0
6,-90,3,0
1,64,-34,0
20,40,-58,0
12,-72,-4,0
13,-59,42,0
0,-16,54,0
8,-52,117,1
2,-58,-61,0
17,112,-39,1
6,-76,-11,0
15,6,-17,0
12,-6,-94,0
12,92,-61,0
2,-16,76,0
4,-109,-4,1
13,4,-45,0
20,-3,-28,0
15,13,-91,0
5,118,84,1
3,88,109,1
0,-49,55,0
19,-43,-53,0
11,41,-47,0
14,-56,82,0
12,1,109,1
12,-84,-86,0
20,11,20,0
5,-92,14,0
19,-39,10,0
4,99,87,0
19,-30,44,0
18,48,36,0
15,24,28,0
13,85,-23,0
16,-4,-40,0
6,-62,-110,1
12,71,104,1
8,-94,-96,0
12,50,109,1
5,-33,-46,0
10,106,84,1
0,116,-102,1
12,3,69,0
4,57,-88,0
1,0,-16,0
14,-110,-32,1
14,-27,-72,0
18,111,12,1
16,92,71,0
2,107,-81,1
12,31,26,0
9,-43,85,0
10,-83,18,0
8,111,78,1
16,-94,-28,0
19,-55,-40,0
16,-3,-95,0
4,18,96,0
16,88,5,0
11,93,-96,0
13,10,33,0
12,74,61,0
20,-36,-4,0
19,102,16,1
7,4,32,0
15,-70,-60,0
10,63,-27,0
13,-24,28,0
4,28,-63,0
18,31,73,0
5,23,118,1
11,-45,-104,1
14,-48,98,0
3,-87,-98,0
4,19,-87,0
14,-59,19,0
4,68,-9,0
10,-20,-50,0
5,-93,-18,0
8,-87,-9,0
2,-45,-51,0
7,-10,107,1
7,-99,-38,0
12,12,91,0
11,-66,-60,0
10,-11,-41,0
3,-93,22,0
16,120,-23,1
9,-29,107,1
18,47,-55,0
9,-72,109,1
13,107,-2,1
10,98,97,0
5,91,9,0
13,-12,89,0
6,-34,-110,1
1,23,-70,0
6,75,117,1
11,-21,80,0
12,-74,-77,0
6,-63,35,0
17,95,25,0
2,-97,-22,0
17,85,36,0
19,54,70,0
19,5,-79,0
4,-38,98,0
13,36,-77,0
14,-25,50,0
18,-51,57,0
4,59,-76,0
15,74,-11,0
19,-43,97,0
2,-107,-49,1
9,-5,-80,0
12,32,103,1
10,-77,-61,0
15,-47,-79,0
1,20,28,0
11,91,-73,0
10,-18,22,0
19,-58,9,0
10,-85,-35,0
11,-73,-110,1
3,7,-24,0
4,91,44,0
5,42,-107,1
18,-50,-109,1
13,57,-24,0
1,-63,-94,0
11,-57,-1,0
10,32,70,0
14,76,101,1
12,-36,-93,0
4,-35,-93,0
20,-2,105,1
19,69,9,0
9,-92,-35,0
13,117,36,1
7,19,12,0
0,107,-85,1
15,61,87,0
1,100,-100,0
4,-51,119,1
18,-75,34,0
6,-14,-39,0
13,-19,17,0
19,57,-14,0
12,-88,80,0
1,-34,27,0
20,-91,-31,0
12,42,89,0
18,96,119,1
18,-75,-3,0
0,-81,-48,0
0,-98,-79,0
3,43,105,1
17,-70,36,0
0,-58,-11,0
14,7,7,0
3,-39,-93,0
7,72,-61,0
0,38,-28,0
4,-32,36,0
17,-58,95,0
7,-32,47,0
18,95,-96,0
17,-70,-89,0
2,39,106,1
15,118,-100,1
18,-42,102,1
14,19,-3,0
17,-105,-98,1
12,-84,-102,1
6,44,49,0
7,-101,52,1
6,-59,23,0
7,70,84,0
18,100,83,0
5,-83,-9,0
11,-8,97,0
7,-72,-85,0
15,-49,-99,0
17,-23,-92,0
4,59,-41,0
18,-3,36,0
13,98,-54,0
8,47,57,0
2,22,119,1
9,-19,110,1
8,-23,-87,0
17,-95,106,1
10,-52,36,0
12,-47,65,0
0,-109,-104,1
13,25,21,0
14,40,3,0
10,58,83,0
18,32,-16,0
4,-56,-37,0
0,-57,-95,0
15,8,55,0
20,71,-12,0
12,87,48,0
2,93,-34,0
9,-69,65,0
12,-3,72,0
7,-1,-80,0
5,-61,-80,0
0,-100,105,1
6,-105,-77,1
9,-19,-37,0
9,-108,-92,1
8,99,103,1
4,14,60,0
6,-44,-97,0
9,119,-21,1
8,-90,10,0
14,-46,-40,0
7,46,79,0
10,106,-104,1
13,2,77,0
14,23,-57,0
14,113,-41,1
17,-58,59,0
4,-72,-98,0
4,72,42,0
6,105,118,1
13,110,39,1
6,26,48,0
12,60,17,0
9,-103,47,1
3,48,-51,0
12,33,4,0
15,-87,-83,0
19,46,0,0
3,-9,21,0
5,-17,-76,0
12,-42,-22,0
18,-93,54,0
14,-60,8,0
0,-82,105,1
6,102,107,1
10,-32,74,0
3,-106,-9,1
3,7,-45,0
13,83,98,0
6,-51,-89,0
5,6,-62,0
11,-70,-4,0
6,92,-101,1
6,33,-47,0
0,28,-49,0
18,5,37,0
11,-17,26,0
17,113,-92,1
13,-66,93,0
17,110,77,1
9,59,44,0
7,-98,-24,0
11,1,11,0
5,-69,-13,0
8,-81,-35,0
9,-1,87,0
17,-53,45,0
5,111,-40,1
14,-81,-39,0
6,-8,62,0
16,-96,59,0
12,-16,-60,0
18,-102,49,1
20,2,-87,0
1,46,-57,0
18,-66,113,1
2,-102,-39,1
16,71,66,0
2,71,11,0
0,107,93,1
19,78,-86,0
1,7,-28,0
7,-57,15,0
10,-89,104,1
20,83,-41,0
17,109,98,1
2,-44,-25,0
7,39,-75,0
0,-89,-59,0
1,69,0,0
15,61,68,0
14,-86,8,0
3,-85,48,0
15,49,-90,0
15,-36,94,0
20,119,28,1
7,37,-65,0
3,-56,-9,0
3,-82,92,0
15,-65,-89,0
14,118,118,1
0,96,49,0
12,-81,29,0
2,-34,82,0
3,81,15,0
3,-84,55,0
19,-40,-77,0
16,76,30,0
12,56,104,1
17,97,-102,1
14,110,-35,1
16,-100,57,0
18,3,-25,0
7,-16,-12,0
13,83,50,0
15,-52,93,0
0,8,-14,0
1,27,-52,0
17,-85,27,0
4,-27,-57,0
15,-19,-6,0
9,-29,71,0
4,-102,-80,1
20,-16,32,0
19,46,118,1
14,3,-107,1
8,-17,22,0
9,0,-96,0
8,81,65,0
1,-34,71,0
18,-96,21,0
7,40,-66,0
15,-59,-107,1
3,-66,-8,0
15,-109,85,1
1,-39,61,0
5,28,0,0
17,111,-104,1
19,-74,48,0
0,59,82,0
19,-46,109,1
16,-36,6,0
7,-108,-9,1
9,-90,-63,0
15,-23,-95,0
17,96,1,0
9,-37,-34,0
4,86,38,0
7,-60,-1,0
2,97,28,0
15,-51,64,0
16,84,-54,0
14,-56,-57,0
18,-28,-109,1
7,100,-16,0
10,-25,107,1
6,113,-27,1
18,-88,90,0
6,120,80,1
15,-76,89,0
4,-64,-41,0
5,-85,-66,0
14,47,-68,0
12,81,28,0
19,115,-22,1
14,24,-70,0
13,21,-2,0
9,16,-99,0
3,-107,-74,1
15,-38,-75,0
19,-103,96,1
1,90,-86,0
0,80,111,1
14,-59,-94,0
15,-83,6,0
3,32,120,1
9,102,-69,1
7,60,104,1
15,51,-92,0
10,57,-109,1
3,-38,-60,0
1,30,69,0
18,49,38,0
4,58,32,0
20,95,39,0
16,76,51,0
2,86,-85,0
16,-93,-10,0
6,-63,94,0
19,-55,26,0
6,-93,100,0
5,61,-61,0
12,92,85,0
13,-109,16,1
13,-97,115,1
4,-40,-53,0
4,42,95,0
2,-70,-12,0
9,-65,48,0
7,37,56,0
3,32,45,0
3,-44,-93,0
19,20,-15,0
9,11,46,0
20,-55,-74,0
16,31,6,0
2,-74,-61,0
13,94,-47,0
16,-102,37,1
8,40,-66,0
19,17,72,0
5,63,63,0
2,-9,83,0
8,115,115,1
11,85,-24,0
5,-13,34,0
6,-69,94,0
11,-102,-74,1
14,-84,-11,0
5,69,80,0
1,-62,-78,0
8,114,-58,1
17,82,46,0
14,-40,20,0
8,68,113,1
20,33,65,0
19,-106,34,1
10,-18,60,0
19,36,-58,0
18,105,46,1
8,-79,17,0
17,-8,39,0
6,107,-83,1
9,1,12,0
19,-99,73,0
0,47,-20,0
19,78,-90,0
15,41,18,0
12,84,-32,0
11,-103,66,1
15,59,96,0
9,-58,-36,0
3,6,88,0
14,-39,-39,0
18,-32,-89,0
3,-95,-13,0
3,-109,-90,1
7,-19,-16,0
14,29,82,0
11,80,101,1
1,114,75,1
9,-79,-64,0
4,-56,13,0
15,-101,-98,1
13,20,113,1
3,-83,-82,0
18,21,-11,0
16,-63,-81,0
4,-105,86,1
2,105,81,1
1,-108,-107,1
9,-58,-71,0
9,-18,-95,0
6,8,97,0
18,112,-56,1
10,-18,-15,0
15,91,45,0
0,80,-82,0
9,-22,107,1
6,27,-48,0
19,19,-5,0
14,29,-78,0
17,-27,-51,0
1,20,74,0
10,-49,-80,0
6,13,-110,1
13,-59,-43,0
5,65,114,1
3,-63,25,0
9,-58,41,0
9,64,-105,1
2,-24,113,1
4,-79,100,0
2,-45,-41,0
5,59,8,0
20,88,62,0
6,-65,-43,0
17,-102,-83,1
11,-58,-63,0
10,31,-73,0
12,-18,74,0
6,38,-48,0
12,-97,-74,0
4,91,19,0
10,-47,118,1
17,58,60,0
19,-80,-43,0
12,-91,-94,0
16,115,16,1
13,-29,100,0
6,44,66,0
8,86,-102,1
7,49,59,0
6,-47,110,1
3,23,98,0
6,23,-109,1
5,-91,71,0
7,56,75,0
13,-13,65,0
19,-87,26,0
20,29,-25,0
13,113,-34,1
20,18,-49,0
11,-44,82,0
18,-1,17,0
20,58,115,1
10,33,-107,1
1,-73,-63,0
0,-19,80,0
3,-92,-81,0
4,96,-12,0
20,60,-73,0
2,-26,56,0
13,15,45,0
5,3,54,0
1,82,-73,0
19,25,-71,0
17,21,-102,1
2,-97,-78,0
11,48,-73,0
16,119,-110,1
14,76,120,1
11,88,-61,0
0,94,13,0
8,120,-86,1
3,77,95,0
17,-52,-66,0
6,3,-73,0
17,-40,-66,0
2,49,34,0
10,84,17,0
18,-79,108,1
11,-44,64,0
7,-59,-32,0
15,19,-51,0
1,109,26,1
3,79,-17,0
14,-45,-35,0
4,83,94,0
16,94,30,0
17,92,60,0
17,-11,-4,0
5,82,29,0
18,-8,-87,0
9,3,9,0
1,-65,-40,0
8,-39,90,0
18,-53,80,0
3,20,118,1
20,-109,-92,1
8,-67,27,0
0,-92,105,1
0,81,10,0
8,16,115,1
10,60,-36,0
1,-100,35,0
10,84,82,0
13,62,95,0
11,-99,-32,0
0,60,119,1
8,-57,120,1
10,47,-13,0
16,27,77,0
20,73,-103,1
17,-21,-86,0
4,-79,100,0
3,70,-5,0
2,66,100,0
13,56,-3,0
14,-38,-52,0
16,-97,-9,0
8,99,35,0
7,-19,-84,0
4,-105,-6,1
1,-69,84,0
14,-54,42,0
15,71,16,0
8,94,-54,0
18,74,43,0
8,21,14,0
20,86,86,0
0,12,93,0
7,106,91,1
11,1,2,0
9,3,2,0
9,-41,80,0
15,34,36,0
18,68,-54,0
7,-78,43,0
14,112,-21,1
9,89,-28,0
9,87,-21,0
20,100,21,0
12,81,116,1
20,62,-78,0
10,107,37,1
0,-33,-98,0
14,-3,42,0
6,3,69,0
19,62,-49,0
3,-66,-10,0
15,101,-41,1
3,32,-63,0
16,25,55,0
1,19,74,0
12,-55,-98,0
7,-34,95,0
14,102,-57,1
4,-70,-96,0
14,-88,-21,0
3,50,111,1
13,0,98,0
13,115,59,1
8,30,17,0
15,120,49,1
5,-94,62,0
5,111,-26,1
18,-47,64,0
4,21,7,0
20,-43,-99,0
2,17,110,1
10,83,111,1
1,83,120,1
8,112,-46,1
4,-45,-69,0
9,-58,101,1
11,-21,-84,0
8,38,77,0
4,-58,95,0
19,-104,-65,1
3,46,-56,0
4,-95,96,0
9,39,-94,0
17,71,42,0
17,-101,-100,1
6,-52,115,1
16,-30,-95,0
17,96,-94,0
2,-74,-11,0
3,-54,-89,0
13,0,-68,0
5,-4,20,0
15,-64,27,0
12,-76,-20,0
8,-21,-71,0
3,-27,82,0
18,-48,-105,1
16,58,-87,0
19,-43,72,0
2,114,-12,1
14,-13,-92,0
19,-84,107,1
9,33,-55,0
11,-41,76,0
2,-76,-36,0
5,-46,-17,0
16,-65,-79,0
5,36,-26,0
15,-23,-56,0
11,66,-29,0
20,99,75,0
8,-76,-104,1
10,-60,-68,0
8,7,-67,0
19,-51,-65,0
8,108,-29,1
5,85,-19,0
16,-15,26,0
20,-26,-91,0
9,91,50,0
9,-86,1,0
11,-32,64,0
4,81,-79,0
4,-12,-13,0
10,23,13,0
7,-53,-26,0
11,-102,-103,1
11,-53,31,0
16,-37,-85,0
19,104,-94,1
16,52,-108,1
4,39,-69,0
10,90,-45,0
8,-49,85,0
13,-15,-16,0
7,89,31,0
5,-9,-39,0
18,20,120,1
9,-108,-70,1
5,-12,65,0
4,67,41,0
4,51,51,0
10,-77,110,1
17,-59,96,0
13,28,-14,0
12,-88,-18,0
2,77,-47,0
16,-33,77,0
8,-90,-5,0
14,32,18,0
18,0,55,0
19,81,66,0
16,90,27,0
18,-59,60,0
13,-100,120,1
6,-109,55,1
13,-29,81,0
0,96,-106,1
8,-78,44,0
10,90,81,0
7,-76,-67,0
14,-66,-5,0
9,-101,29,1
19,86,116,1
20,-20,91,0
8,83,32,0
11,-81,33,0
19,-37,45,0
10,110,-37,1
16,8,-51,0
18,-46,-11,0
3,47,-101,1
2,9,59,0
19,-16,-27,0
0,-29,95,0
3,72,-24,0
13,25,-99,0
11,41,60,0
20,74,38,0
20,-95,-52,0
10,9,-17,0
3,-16,93,0
11,95,15,0
8,-101,100,1
20,-62,0,0
7,46,-55,0
17,-35,65,0
10,-65,-17,0
17,-40,-46,0
2,-110,65,1
15,34,8,0
18,-52,-1,0
3,110,-61,1
18,110,52,1
16,-5,-101,1
20,5,31,0
14,-26,-32,0
20,71,117,1
9,-106,38,1
2,103,-37,1
16,76,-93,0
17,112,88,1
16,-101,-54,1
8,-107,116,1
11,-7,-76,0
1,28,5,0
17,-100,-7,0
6,-77,86,0
17,30,120,1
18,98,-84,0
18,-74,-44,0
4,82,96,0
18,-5,-91,0
11,-107,16,1
14,95,-6,0
6,-24,-8,0
0,-81,60,0
12,117,52,1
18,106,-7,1
6,61,-3,0
11,106,50,1
15,79,97,0
0,89,93,0
15,21,79,0
8,-79,18,0
16,83,63,0
14,24,39,0
8,-56,-94,0
15,57,-105,1
15,116,-107,1
20,-31,-104,1
4,89,90,0
3,105,-18,1
12,115,-48,1
5,56,21,0
9,87,50,0
20,-102,113,1
7,-89,44,0
20,117,-83,1
6,-101,-54,1
1,9,37,0
19,-18,-109,1
6,-91,-55,0
6,32,-74,0
18,103,47,1
3,38,31,0
7,116,-53,1
3,-63,-11,0
20,73,65,0
15,24,91,0
15,-13,-74,0
14,-26,-110,1
2,-101,-37,1
5,4,-17,0
2,38,66,0
14,-32,90,0
4,21,-110,1
19,70,-101,1
8,53,37,0
6,52,29,0
11,-39,28,0
9,114,-60,1
4,19,-109,1
14,-9,26,0
18,-45,-61,0
7,-42,98,0
15,53,116,1
6,-63,52,0
1,11,103,1
6,0,-46,0
14,-24,75,0
14,24,108,1
15,-23,-6,0
9,6,26,0
3,-100,-84,0
6,-50,78,0
2,31,-57,0
5,-41,-49,0
1,106,43,1
2,-80,100,0
6,-29,106,1
18,63,81,0
8,86,-95,0
17,47,-72,0
0,-21,-27,0
1,-95,101,1
14,25,37,0
3,-18,-58,0
2,-9,77,0
6,-59,78,0
11,5,-20,0
8,35,-90,0
3,56,54,0
9,30,-98,0
15,3,75,0
19,-92,-75,0
7,-99,85,0
5,48,-15,0
0,-56,-49,0
9,-34,67,0
11,-101,4,1
20,52,15,0
17,-12,12,0
12,-66,-92,0
0,95,-17,0
7,-58,104,1
14,110,116,1
6,14,1,0
19,60,-49,0
5,-14,116,1
20,-79,-2,0
2,-64,-91,0
15,26,-53,0
4,70,-4,0
4,19,110,1
10,-35,79,0
20,13,-94,0
15,-28,91,0
2,2,9,0
19,-83,5,0
20,-64,14,0
5,-98,-65,0
13,65,-69,0
4,-75,81,0
3,100,64,0
4,9,25,0
6,107,-9,1
17,-67,-45,0
15,41,-46,0
11,1,30,0
12,-63,63,0
18,113,42,1
16,86,4,0
16,103,-44,1
14,-79,41,0
17,-47,92,0
17,8,-16,0
5,-56,8,0
3,113,-107,1
13,-69,29,0
20,-12,-23,0
5,-36,-55,0
18,-8,109,1
15,10,55,0
5,-35,-6,0
16,88,-52,0
10,-71,-54,0
15,-44,89,0
5,-40,41,0
18,41,-53,0
7,-66,-64,0
9,44,-48,0
10,-72,-21,0
20,74,110,1
16,-60,38,0
16,-75,6,0
6,-88,-92,0
2,104,66,1
20,65,-100,0
19,-88,27,0
19,-58,53,0
1,51,57,0
5,84,-68,0
9,-108,-16,1
5,30,-103,1
12,-65,-38,0
6,-58,71,0
10,1,-26,0
12,66,-36,0
14,-59,78,0
9,90,63,0
17,-8,-9,0
17,28,12,0
16,-55,70,0
1,38,-23,0
1,35,89,0
2,34,58,0
18,55,-5,0
12,-42,-12,0
19,-61,106,1
10,-54,-73,0
3,80,7,0
6,86,111,1
14,30,31,0
11,13,-96,0
19,22,13,0
5,98,44,0
14,111,-66,1
5,-11,-70,0
4,82,-55,0
9,-79,-2,0
12,-20,113,1
3,55,92,0
14,-106,19,1
6,102,-107,1
18,-89,82,0
10,-19,-43,0
15,72,48,0
15,-40,-5,0
13,-33,103,1
12,-86,80,0
18,-102,33,1
3,94,70,0
4,-19,39,0
7,-73,-60,0
1,9,115,1
14,-32,73,0
7,67,-14,0
3,-62,-81,0
16,27,-30,0
8,29,-94,0
13,-10,-38,0
3,26,-2,0
16,50,6,0
18,87,116,1
12,-97,88,0
10,99,-101,1
9,43,-59,0
17,21,54,0
3,-46,84,0
0,-107,20,1
8,-88,-85,0
0,90,-3,0
13,73,-13,0
19,-85,-89,0
20,40,53,0
7,-33,-16,0
0,-39,114,1
3,-53,-28,0
7,9,30,0
2,-64,85,0
17,62,-98,0
0,58,-108,1
13,-9,-86,0
0,-48,-56,0
7,-92,-15,0
4,-6,-11,0
13,118,-4,1
18,-6,48,0
17,-70,96,0
7,-83,-65,0
2,53,-71,0
19,-104,-106,1
20,65,-31,0
2,-61,-44,0
17,17,-42,0
13,114,-87,1
7,44,-103,1
2,-29,-6,0
0,84,16,0
18,-61,66,0
20,36,97,0
2,-56,105,1
6,96,-110,1
9,34,57,0
8,-76,-87,0
16,-7,21,0
2,78,-34,0
7,36,-28,0
14,10,-61,0
9,-44,-21,0
12,-80,99,0
5,0,55,0
12,-107,119,1
13,-64,-87,0
8,117,-84,1
3,-85,-104,1
15,-69,85,0
12,99,-67,0
16,-89,106,1
3,-70,5,0
3,5,-55,0
1,-108,93,1
9,67,72,0
11,-77,38,0
12,-4,86,0
16,66,105,1
12,66,9,0
8,-74,-73,0
7,-7,-24,0
13,103,-94,1
11,-3,95,0
11,-88,80,0
10,53,105,1
15,-93,-8,0
0,99,79,0
12,113,72,1
10,-36,57,0
8,-47,-95,0
10,-97,17,0
14,8,-74,0
12,47,18,0
7,-83,16,0
2,61,102,1
18,-13,58,0
3,-48,41,0
12,76,33,0
16,27,83,0
6,-3,82,0
11,-25,-72,0
15,33,-63,0
13,-109,-47,1
10,85,-49,0
13,-36,66,0
20,-7,77,0
5,45,98,0
16,-81,15,0
14,-105,63,1
14,-6,-108,1
7,-9,93,0
3,-5,-25,0
15,56,38,0
8,-78,28,0
11,24,7,0
9,64,14,0
8,-101,43,1
10,-2,-81,0
6,-78,-96,0
14,23,55,0
14,70,-98,0
6,39,52,0
7,75,9,0
9,47,11,0
5,82,-25,0
14,78,80,0
6,64,86,0
16,-26,-65,0
0,39,-22,0
15,24,116,1
8,10,107,1
6,-71,36,0
11,-63,-11,0
11,120,-49,1
13,98,-84,0
12,11,-61,0
19,-9,-42,0
13,-75,-12,0
5,98,-64,0
17,-91,66,0
6,30,59,0
15,69,37,0
16,105,34,1
12,113,-74,1
9,-48,80,0
1,-81,-49,0
16,56,16,0
0,-90,-2,0
1,68,-89,0
4,79,-65,0
0,69,-83,0
13,34,-80,0
0,-76,4,0
9,-54,36,0
8,50,-79,0
17,-73,36,0
4,-44,-44,0
15,113,-37,1
4,1,20,0
19,98,24,0
9,35,68,0
1,20,-84,0
7,53,-11,0
14,-51,64,0
3,87,-72,0
19,-69,-104,1
17,-49,-88,0
9,-103,96,1
0,-30,47,0
15,50,-23,0
15,95,-90,0
0,69,57,0
4,-11,48,0
5,-6,101,1
16,91,-10,0
18,-14,-8,0
17,75,26,0
1,-95,57,0
18,12,-91,0
13,-99,22,0
16,120,-60,1
8,100,101,1
2,-30,3,0
3,60,-32,0
3,-30,16,0
11,66,56,0
8,-19,27,0
19,95,-58,0
4,5,54,0
20,6,-80,0
6,58,8,0
8,2,-106,1
1,49,-12,0
13,55,92,0
0,-81,-67,0
1,69,-32,0
16,-9,33,0
20,-1,27,0
10,40,-17,0
16,107,-104,1
3,15,28,0
13,-23,79,0
18,-31,6,0
11,-104,-55,1
13,109,-54,1
7,46,97,0
19,109,-7,1
9,-16,-66,0
8,-55,-104,1
0,-12,21,0
12,-79,-20,0
1,-110,30,1
16,115,102,1
19,-54,8,0
19,88,94,0
14,19,111,1
15,46,21,0
9,-64,-17,0
20,-78,-67,0
12,95,68,0
20,-82,20,0
13,31,-44,0
9,-48,-20,0
15,22,22,0
8,-62,-18,0
5,-103,35,1
11,77,22,0
18,-71,87,0
14,54,115,1
3,62,-31,0
1,-71,112,1
7,17,-56,0
17,-43,8,0
20,62,-12,0
5,56,-97,0
15,-59,113,1
14,-92,43,0
2,-72,70,0
11,73,-92,0
19,18,42,0
15,-106,6,1
15,56,-43,0
11,-20,92,0
9,-43,52,0
13,28,26,0
16,8,-110,1
18,81,21,0
2,-43,20,0
12,-60,-96,0
7,-7,96,0
8,35,49,0
13,-14,9,0
12,48,20,0
17,55,89,0
2,-37,-27,0
19,113,-27,1
3,-3,-72,0
5,-28,65,0
13,97,-39,0
15,9,-62,0
1,-56,-57,0
15,-57,71,0
13,9,-68,0
0,-109,6,1
8,-40,-72,0
5,-103,-92,1
11,-46,120,1
11,-100,-73,0
3,84,-24,0
9,23,88,0
3,109,-96,1
12,55,7,0
7,115,118,1
8,-38,-74,0
10,23,-55,0
3,116,-76,1
20,70,-100,0
16,105,-96,1
7,34,83,0
20,-8,-65,0
1,-33,-93,0
16,41,56,0
10,-82,-56,0
7,62,67,0
11,104,20,1
1,73,-55,0
12,-67,-47,0
11,-59,-88,0
6,23,-74,0
3,6,39,0
16,-88,50,0
15,-19,-7,0
3,-86,-91,0
4,19,-34,0
19,-72,12,0
10,17,37,0
13,109,-53,1
11,-80,109,1
13,-99,-8,0
5,-93,30,0
19,-107,-60,1
7,-74,65,0
5,47,-38,0
1,69,-55,0
19,-80,-77,0
17,-11,106,1
13,-89,-48,0
20,-60,3,0
3,-1,-14,0
15,-20,79,0
13,112,-107,1
8,-105,-51,1
8,96,117,1
13,43,5,0
17,-52,-41,0
13,-2,-73,0
9,-46,17,0
15,30,-103,1
3,103,-8,1
14,73,-76,0
11,40,95,0
10,92,-9,0
16,40,-46,0
12,-70,33,0
19,91,31,0
20,109,-43,1
11,-103,35,1
1,91,-89,0
12,54,9,0
11,16,-27,0
16,84,110,1
14,-73,-15,0
2,-108,0,1
17,-76,113,1
4,55,-10,0
13,-11,84,0
8,-102,12,1
2,98,8,0
13,40,102,1
1,-86,-48,0
13,52,-36,0
18,-64,-38,0
13,-88,48,0
15,-82,-43,0
0,95,-97,0
2,52,59,0
15,-8,-53,0
12,-11,-5,0
8,-39,-107,1
20,96,23,0
8,21,-58,0
20,-76,4,0
2,-38,-8,0
14,87,-6,0
17,-38,110,1
5,34,57,0
9,-43,81,0
17,-85,28,0
17,-26,35,0
14,102,-71,1
2,14,-58,0
20,115,48,1
15,60,61,0
20,-42,-9,0
13,-61,47,0
1,43,-42,0
5,34,-6,0
15,47,-84,0
8,-12,66,0
16,102,-8,1
10,116,15,1
19,25,64,0
20,-50,-22,0
13,49,91,0
18,119,-88,1
19,111,29,1
11,19,3,0
10,-14,-56,0
1,-11,21,0
15,-56,-31,0
18,29,-78,0
13,-47,16,0
15,105,-48,1
0,-52,50,0
14,-95,-89,0
17,-106,57,1
15,-97,9,0
17,-22,53,0
2,53,69,0
11,-48,90,0
9,-103,-65,1
7,-54,-4,0
0,-22,-90,0
5,34,-41,0
7,112,97,1
13,-23,-79,0
2,-52,81,0
1,99,-64,0
6,-29,-25,0
8,37,47,0
7,-23,-4,0
9,-43,-95,0
7,99,114,1
9,-1,17,0
15,-101,39,1
19,48,67,0
11,-62,-44,0
20,-101,80,1
1,7,-39,0
4,90,-21,0
0,-38,54,0
3,83,-63,0
0,-104,5,1
2,-64,-4,0
16,-31,-100,0
20,12,119,1
5,-44,8,0
15,-5,104,1
11,-78,28,0
19,111,-62,1
12,14,34,0
3,-24,-43,0
9,83,21,0
18,49,-42,0
7,119,-99,1
2,-93,40,0
3,99,61,0
7,108,119,1
9,-37,2,0
7,-22,-18,0
8,8,-70,0
2,-90,66,0
8,53,109,1
12,63,91,0
13,-19,-33,0
5,-54,-30,0
10,11,-19,0
7,20,31,0
5,-101,-98,1
9,-27,-11,0
1,81,111,1
11,-31,-83,0
5,-82,15,0
12,5,-42,0
11,75,18,0
14,64,-68,0
5,-49,10,0
16,3,114,1
3,-83,54,0
3,46,-83,0
6,71,26,0
0,43,-24,0
15,-8,-10,0
17,-64,-30,0
3,90,111,1
3,42,-43,0
17,-25,72,0
2,-28,112,1
17,110,-61,1
4,0,16,0
15,-30,-56,0
12,118,-62,1
10,114,21,1
8,16,2,0
16,-91,-103,1
12,-83,17,0
8,0,-85,0
4,17,86,0
2,63,3,0
20,106,-85,1
1,-84,95,0
13,-49,-70,0
8,76,67,0
4,117,24,1
12,-67,-76,0
8,-64,28,0
12,31,26,0
19,0,53,0
19,110,51,1
20,73,-103,1
1,119,111,1
15,24,92,0
2,-36,-56,0
18,-39,92,0
18,99,-8,0
13,-61,-53,0
3,-18,116,1
0,44,-41,0
1,31,-109,1
14,-6,-69,0
12,106,28,1
10,0,-83,0
12,114,-90,1
19,-46,48,0
18,-29,-44,0
8,38,111,1
14,95,-82,0
18,-55,109,1
8,33,35,0
4,-74,-17,0
5,120,51,1
3,60,15,0
3,95,6,0
7,-39,103,1
2,-3,99,0
12,39,-46,0
6,-23,95,0
0,-88,-106,1
19,-67,93,0
13,-97,-37,0
17,-70,53,0
2,59,-30,0
7,95,-5,0
6,-5,-70,0
4,83,51,0
4,-81,33,0
20,-85,-64,0
11,12,9,0
0,-109,7,1
18,-89,-59,0
12,-34,-67,0
2,31,-18,0
8,-22,-97,0
1,67,-103,1
7,50,59,0
3,-32,104,1
18,38,25,0
8,35,-39,0
5,-80,-91,0
19,48,105,1
0,65,-56,0
6,-69,-71,0
8,28,-62,0
8,54,-63,0
10,-55,74,0
15,-57,-61,0
20,-33,-59,0
18,-74,-74,0
19,-16,9,0
13,-80,-66,0
5,113,63,1
9,-107,17,1
1,116,-24,1
9,46,-52,0
8,117,-53,1
18,90,90,0
11,64,111,1
16,94,-94,0
7,-15,87,0
13,-87,46,0
13,82,35,0
7,115,37,1
20,93,45,0
6,87,-42,0
19,55,65,0
18,-69,-32,0
14,91,-39,0
12,67,-39,0
18,-76,93,0
6,16,109,1
2,-37,-99,0
13,34,101,1
9,59,116,1
3,-103,107,1
5,2,55,0
16,6,11,0
9,72,-89,0
5,-68,48,0
13,31,-66,0
7,24,45,0
8,-2,-95,0
7,-52,-7,0
15,21,-31,0
12,102,-6,1
6,-46,-78,0
12,96,66,0
14,-14,-19,0
8,-47,-47,0
11,-67,-22,0
0,-42,-30,0
14,-90,-92,0
15,45,-61,0
0,-13,-34,0
11,-30,-21,0
3,-23,67,0
4,41,6,0
16,-89,33,0
2,-6,-58,0
8,11,-48,0
8,-82,-6,0
1,-47,-80,0
5,-91,-50,0
2,7,80,0
8,-89,-70,0
7,-17,-41,0
19,-63,65,0
2,-52,61,0
20,18,-3,0
4,-40,-15,0
17,109,-57,1
20,45,21,0
1,1,49,0
6,-32,-24,0
12,116,36,1
4,-77,29,0
15,-91,117,1
0,-27,-103,1
20,8,6,0
13,103,-91,1
2,53,94,0
4,32,-40,0
15,23,-44,0
20,-48,116,1
15,67,81,0
9,56,71,0
5,52,52,0
4,17,8,0
19,9,3,0
11,-89,76,0
9,-106,19,1
6,-2,-39,0
20,-60,-102,1
14,-43,12,0
17,-16,18,0
15,-41,58,0
4,-105,-38,1
3,111,79,1
1,44,-70,0
11,117,-76,1
1,-28,-105,1
5,92,-17,0
1,-109,-26,1
14,118,-25,1
4,-71,81,0
4,11,53,0
12,87,-6,0
15,-76,108,1
19,-41,1,0
2,43,37,0
10,-61,-74,0
0,64,-75,0
5,-32,4,0
20,65,-16,0
9,-63,-55,0
0,-72,-52,0
7,55,-108,1
20,45,15,0
0,112,38,1
9,-63,109,1
19,67,16,0
13,-84,47,0
